1;vélsög;17;7500
1;vélsög;17;7500
1;vélsög;17;7500
1;vélsög;17;7500
1;vélsög;17;7500
2;sög;7;500
1;vélsög;17;7500
1;vélsög;17;7500
2;sög;7;500
1;vélsög;17;7500
1;vélsög;17;7500
1;vélsög;17;7500
2;sög;7;500
1;vélsög;17;7500
2;sög;7;500
1;vélsög;17;7500
1;vélsög;17;7500
2;sög;7;500
1;vélsög;17;7500
2;sög;7;500
3;skrúfujárn;250;34
1;vélsög;17;7500
1;vélsög;17;7500
2;sög;7;500
1;vélsög;17;7500
2;sög;7;500
3;skrúfujárn;250;34
1;vélsög;17;7500
1;vélsög;17;7500
1;vélsög;17;7500
2;sög;7;500
1;vélsög;17;7500
2;sög;7;500
3;skrúfujárn;250;34
1;vélsög;17;7500
2;sög;7;500
1;vélsög;17;7500
1;vélsög;17;7500
2;sög;7;500
1;vélsög;17;7500
2;sög;7;500
3;skrúfujárn;250;34
1;vélsög;17;7500
2;sög;7;500
3;skrúfujárn;250;34
1;vélsög;17;7500
1;vélsög;17;7500
2;sög;7;500
1;vélsög;17;7500
2;sög;7;500
3;skrúfujárn;250;34
1;vélsög;17;7500
2;sög;7;500
3;skrúfujárn;250;34
4;hamar;33;680
1;vélsög;17;7500
1;vélsög;17;7500
2;sög;7;500
1;vélsög;17;7500
2;sög;7;500
3;skrúfujárn;250;34
1;vélsög;17;7500
2;sög;7;500
3;skrúfujárn;250;34
4;hamar;33;680
1;vélsög;17;7500
1;vélsög;17;7500
1;vélsög;17;7500
2;sög;7;500
1;vélsög;17;7500
2;sög;7;500
3;skrúfujárn;250;34
1;vélsög;17;7500
2;sög;7;500
3;skrúfujárn;250;34
4;hamar;33;680
1;vélsög;17;7500
2;sög;7;500
1;vélsög;17;7500
1;vélsög;17;7500
2;sög;7;500
1;vélsög;17;7500
2;sög;7;500
3;skrúfujárn;250;34
1;vélsög;17;7500
2;sög;7;500
3;skrúfujárn;250;34
4;hamar;33;680
1;vélsög;17;7500
2;sög;7;500
3;skrúfujárn;250;34
1;vélsög;17;7500
1;vélsög;17;7500
2;sög;7;500
1;vélsög;17;7500
2;sög;7;500
3;skrúfujárn;250;34
1;vélsög;17;7500
2;sög;7;500
3;skrúfujárn;250;34
4;hamar;33;680
1;vélsög;17;7500
2;sög;7;500
3;skrúfujárn;250;34
4;hamar;33;680
1;vélsög;17;7500
1;vélsög;17;7500
2;sög;7;500
1;vélsög;17;7500
2;sög;7;500
3;skrúfujárn;250;34
1;vélsög;17;7500
2;sög;7;500
3;skrúfujárn;250;34
4;hamar;33;680
1;vélsög;17;7500
2;sög;7;500
3;skrúfujárn;250;34
4;hamar;33;680
5;borvél;17;9500
1;vélsög;17;7500
1;vélsög;17;7500
2;sög;7;500
1;vélsög;17;7500
2;sög;7;500
3;skrúfujárn;250;34
1;vélsög;17;7500
2;sög;7;500
3;skrúfujárn;250;34
4;hamar;33;680
1;vélsög;17;7500
2;sög;7;500
3;skrúfujárn;250;34
4;hamar;33;680
5;borvél;17;9500
999999;stjörnuskrúfjárn;5858;50000
